Author Name,Author Username,Author Homepage,Avatar URL
Teun van den Brand,teunbrand,https://github.com/teunbrand,https://avatars.githubusercontent.com/u/49372158?v=4
Teun van den Brand,teunbrand,https://github.com/teunbrand,https://avatars.githubusercontent.com/u/49372158?v=4
Teun van den Brand,teunbrand,https://github.com/teunbrand,https://avatars.githubusercontent.com/u/49372158?v=4
Teun van den Brand,teunbrand,https://github.com/teunbrand,https://avatars.githubusercontent.com/u/49372158?v=4
Thomas Lin Pedersen,thomasp85,https://github.com/thomasp85,https://avatars.githubusercontent.com/u/1775316?v=4
Teun van den Brand,teunbrand,https://github.com/teunbrand,https://avatars.githubusercontent.com/u/49372158?v=4
Teun van den Brand,teunbrand,https://github.com/teunbrand,https://avatars.githubusercontent.com/u/49372158?v=4
Teun van den Brand,teunbrand,https://github.com/teunbrand,https://avatars.githubusercontent.com/u/49372158?v=4
Teun van den Brand,teunbrand,https://github.com/teunbrand,https://avatars.githubusercontent.com/u/49372158?v=4
Andrei,92amartins,https://github.com/92amartins,https://avatars.githubusercontent.com/u/4500163?v=4
Hervé Pagès,hpages,https://github.com/hpages,https://avatars.githubusercontent.com/u/8810451?v=4
Michael Chirico,MichaelChirico,https://github.com/MichaelChirico,https://avatars.githubusercontent.com/u/7606389?v=4
Zeki Akyol,zekiakyol,https://github.com/zekiakyol,https://avatars.githubusercontent.com/u/40212849?v=4
Hiroaki Yutani,yutannihilation,https://github.com/yutannihilation,https://avatars.githubusercontent.com/u/1978793?v=4
Davis Vaughan,DavisVaughan,https://github.com/DavisVaughan,https://avatars.githubusercontent.com/u/19150088?v=4
Teun van den Brand,teunbrand,https://github.com/teunbrand,https://avatars.githubusercontent.com/u/49372158?v=4
Teun van den Brand,teunbrand,https://github.com/teunbrand,https://avatars.githubusercontent.com/u/49372158?v=4
Hiroaki Yutani,yutannihilation,https://github.com/yutannihilation,https://avatars.githubusercontent.com/u/1978793?v=4
Teun van den Brand,teunbrand,https://github.com/teunbrand,https://avatars.githubusercontent.com/u/49372158?v=4
Teun van den Brand,teunbrand,https://github.com/teunbrand,https://avatars.githubusercontent.com/u/49372158?v=4
Michael Chirico,MichaelChirico,https://github.com/MichaelChirico,https://avatars.githubusercontent.com/u/7606389?v=4
Arthur Yip,ahcyip,https://github.com/ahcyip,https://avatars.githubusercontent.com/u/5713411?v=4
Teun van den Brand,teunbrand,https://github.com/teunbrand,https://avatars.githubusercontent.com/u/49372158?v=4
Thomas Lin Pedersen,thomasp85,https://github.com/thomasp85,https://avatars.githubusercontent.com/u/1775316?v=4
Thomas Lin Pedersen,thomasp85,https://github.com/thomasp85,https://avatars.githubusercontent.com/u/1775316?v=4
Thomas Lin Pedersen,thomasp85,https://github.com/thomasp85,https://avatars.githubusercontent.com/u/1775316?v=4
Teun van den Brand,teunbrand,https://github.com/teunbrand,https://avatars.githubusercontent.com/u/49372158?v=4
Teun van den Brand,teunbrand,https://github.com/teunbrand,https://avatars.githubusercontent.com/u/49372158?v=4
Teun van den Brand,teunbrand,https://github.com/teunbrand,https://avatars.githubusercontent.com/u/49372158?v=4
Teun van den Brand,teunbrand,https://github.com/teunbrand,https://avatars.githubusercontent.com/u/49372158?v=4